_id,CUS_EMAIL,PASSWORD,CUS_NAME,CUS_PHONE,CUS_ADDRESS,IS_VERIFIED,IS_LOCK,PASSWORD_RESET_EXPIRES,CODE,DATE_CODE_EXPRIRE,,BIRTHDAY
5feaef7993f2e60091f5ed63,qkifywk.ispnqx@gmail.com,$2y$10$ega3nIlwKB7tBJyhgdx/jO.CTxuptRK4Awm4XtzD44hWYp0gCpaT. ,Glenda Watts,(771) 749-7295,795 Oak Boulevard,FALSE,FALSE,173812842552,,,,2001-09-09
5feaef7993f2e60091f5ed64,pfmiaqos.nbwjsbkv@gmail.com,$2y$10$Cz5bF7u6jVIE6Lmc/XlsVOrllgoA7gekUyVQc5ygHCHJXa8sCuzq2 ,Josh Cole,(882) 659-9907,894 Green Oak Parkway,FALSE,FALSE,191886292940,,,,2000-03-03
5feaef7993f2e60091f5ed65,zdpnb.jgzdpn@gmail.com,"$2y$10$k5dN3VKyfbzLScjHZId1pO/I9iXHyPE3tkH2WCBmZfHUnezGly57W 
",Aisha Torres,128-576-9650,428 White New Boulevard,TRUE,TRUE,176395534061,,,,2002-05-28
5feaef7993f2e60091f5ed66,eqiyw.vbnxbttp@gmail.com,"$2y$10$w4QJ.AWAPVrc/xuoCR2INeqF20sZOa7xY4wQOXXNDepFOkP/Hp02K 
",Roger Cuevas,511-406-0532,64 First Way,FALSE,FALSE,186462583484,,,,2003-07-26
5feaef7993f2e60091f5ed67,vjyttps3@gmail.com,"$2y$10$M4FXaJz8p7Ih6v2WnXuYguzdUsI6wX8zNJuegHccvVPSDmnY6z7cq 
",Robin Bolton,929-919-3274,220 Cowley Drive,TRUE,TRUE,191149102603,,,,1997-07-29
5feaef7993f2e60091f5ed68,vlkjf.mwxoq@gmail.com,"$2y$10$40DCL3kAAhg4HHDjrZNWX.flJ.GHywoV2lhjTRi5xGLI13BNnG6AO 
",Timothy Myers,512-918-8609,640 Green Oak Way,TRUE,TRUE,182210453158,,,,2002-07-21
5feaef7993f2e60091f5ed69,ahqcfnkh.nlctelbry@gmail.com,"$2y$10$0ziJgKHd3QFtOlHgJbMYxOQMsoKKCAyGvTDkHoRoQs4Rm7rRaEES6 
",Shirley Velazquez,(048) 498-5532,98 Old Street,TRUE,TRUE,180346584258,,,,1999-02-11
5feaef7993f2e60091f5ed6a,tvtlzqw302@gmail.com,"$2y$10$/bKNosCtp71UfLG9zmSs1.0PbCvKOEmGgwfGnAhtR3DNkB6TTZ5WO 
",Ronnie Collins,337-042-4107,569 Old Freeway,TRUE,TRUE,192599395265,,,,1998-10-27
5feaef7993f2e60091f5ed6b,rdku@gmail.com,"$2y$10$j0VzEbwnZl.Odr1GAw/RROqTB9BCkrh0POBQiqtqe2JR7LbkTUxSq 
",Cari Frank,(884) 077-9043,714 Rocky New Road,TRUE,FALSE,185633455921,,,,2003-05-21
5feaef7993f2e60091f5ed6c,ukklqhy801@gmail.com,"$2y$10$AetKuXlPtU3FFwec1wnnxuD6yfgRU3zjyAkjedB1ba5Js5WsC1Rbq 
",Cassie Welch,(375) 598-1698,202 Clarendon St.,TRUE,FALSE,175483141184,,,,1996-06-29
5feaef7993f2e60091f5ed6d,rgehjaxd.tuaykdo@gmail.com,"$2y$10$7EM1xKuDjQRfxcEKS.Fck.CtGVdNbKuJnL9DSLL8I3J3JkqndXyN2 
",Kent Rich,(020) 003-7836,,TRUE,TRUE,179145008192,,,,2001-04-07
5feaef7993f2e60091f5ed6e,zwlbf@gmail.com,"$2y$10$jxbQAca86W4Sv6kLsseCa.0ZxZhi0TPrtGIS6630Rc2HeyPyXipSa 
",Chrystal Kaufman,434-727-6907,97 White New Street,FALSE,FALSE,190187885102,,,,1996-07-07
5feaef7993f2e60091f5ed6f,bgqab835@gmail.com,"$2y$10$6tkvk7S0jKswo.HwBd4wZetP3SK5t644puA/xar28ampuv9QVbTl. 
",Dion Brock,031-887-1104,13 North Clarendon Freeway,TRUE,TRUE,176394549482,,,,2004-09-11
5feaef7993f2e60091f5ed70,cavbowj.ahvlt@gmail.com,"$2y$10$qnddiiPIuPySRpOAg0NsAOE886OtuRVDgoYl4ZgX51NDrwLg60OEO 
",Bryan Morrow,944-168-4127,191 New Parkway,TRUE,TRUE,173244729160,,,,2004-08-09
5feaef7993f2e60091f5ed71,qgpanu5@gmail.com,"$2y$10$E/j1ByCExnOU/PRhjZO5x.FO4Sp73RNl9Tr0GdXb6IxE473z/TgmS 
",Christian Meyers,123-252-8125,865 Rocky Old Freeway,TRUE,TRUE,187499925275,,,,2004-03-30
5feaef7993f2e60091f5ed72,nxupkxcu46@gmail.com,"$2y$10$r3MeKJmt/fgSAplExDEMJ.UtGRdJxWXdS1Z.NBT.TKTs34aeSBOz2 
",Elisabeth Fleming,(630) 929-1140,37 Old Avenue,FALSE,FALSE,177420323636,,,,1994-11-27
5feaef7993f2e60091f5ed73,pwlgx.lpoayzxdqt@gmail.com,"$2y$10$dasrA8aF7h452.KTQewH/eHbode5yZKD0QAybhtLACJw2YstRGD4m 
",Tyrone Matthews,(335) 430-5640,190 New Boulevard,TRUE,TRUE,186391232238,,,,1989-06-06
5feaef7993f2e60091f5ed74,qjimhxux.xyczwd@gmail.com,"$2y$10$nrBQIiZ8H2lGWlUhQ0Ohk.Sab0iuXp0PJeDb..jQSu4NV11fjFOXu 
",Tricia Riggs,(852) 987-6679,54 North Cowley Avenue,TRUE,TRUE,187216548875,,,,1992-02-25
5feaef7993f2e60091f5ed75,nlwxhkac.gvlrucwxr@gmail.com,"$2y$10$t8XVjtHcik7KIRgYO7/2MeueteB.ULRBsDbsXUR/fQM19xqHrc0KG 
",Raul Grant,955-939-6269,60 Rocky Cowley Drive,FALSE,FALSE,188469407615,,,,1990-11-26
5feaef7993f2e60091f5ed76,dpomaak.lbbvxq@gmail.com,"$2y$10$xkcDvFBktupLtcvbv0reIOOAokQGbKUDfCweMn.3kWUelxZzjxEwG 
",Jessica Shaffer,(134) 830-3644,433 First Avenue,TRUE,TRUE,182572602892,,,,1990-10-15
5feaef7993f2e60091f5ed77,luezwz3@gmail.com,"$2y$10$.Lw720YbUrHjgcBcEUUdAOkiMQ7PFkoMiBQsyKE.WG2Kcg0B8EXNO 
",Oliver Ochoa,250-500-8483,715 Green Second Way,TRUE,TRUE,187435385819,,,,1994-06-04
5feaef7993f2e60091f5ed78,xddnswxy.yqrzlgm@gmail.com,"$2y$10$Gl2N0BUPGoXnVG4SdlqqfuvU.obg9VJpzD70T1gLB92raxDnzHYle 
",Susan Little,679-362-6355,50 South Rocky Second Street,FALSE,FALSE,183702159754,,,,1993-03-06
5feaef7993f2e60091f5ed79,wkwzf6@gmail.com,"$2y$10$p9YdYzgTZlT8i7O99IxlXOJEJT6jAaa5KuA9cJCrN5VDKu1OyzifO 
",Anitra O'Neal,342-854-5985,98 Cowley Boulevard,FALSE,FALSE,174733751299,,,,1981-03-11
5feaef7993f2e60091f5ed7a,bipjv@gmail.com,"$2y$10$Nj.6HgNpGv8UNwR6G3uSL.bulvtodjvauADU9Gexc7.mD30tQaVWe 
",Dean Key,(613) 669-8768,465 New Drive,TRUE,TRUE,176383782882,,,,1980-08-14
5feaef7993f2e60091f5ed7b,oxghil@gmail.com,"$2y$10$optUGfnDDNhtaC/KxoMPO.KzlELDJWtH8WXEa3nRGLwcQFS8kuTY. 
",Katina Pitts,(724) 685-3795,499 East Second Drive,TRUE,TRUE,183248886991,,,,1983-08-01
5feaef7993f2e60091f5ed7c,aeyjhoo.tkcvntocg@gmail.com,"$2y$10$5jpJOdcUK86L.GVbakAMYuZmdYoE5TsxOl0y/uwXIlT6PgLYB.mc6 
",Sonja Stokes,622-717-2658,99 Old Freeway,FALSE,FALSE,185681009687,,,,1977-01-19
5feaef7993f2e60091f5ed7d,gjxmwlw.ywfxsho@gmail.com,"$2y$10$pNT4gv7ecJVuQ6WWQuQ0KexwImoXzHbcKMfObJ/D94GXJ3r7lTqui 
",Alan Walsh,363-811-2581,509 East Green Oak Street,TRUE,TRUE,181788316807,,,,1981-01-28
5feaef7993f2e60091f5ed7e,gefccmj.gjaqxttmt@gmail.com,"$2y$10$OfPWjo8FPI7fSqyxQGGX9uIjbxNM5xQ0qwXb6qY71ie3N433A/Fbi 
",Lewis Lester,(525) 904-2373,16 Old Street,TRUE,TRUE,189547256789,,,,1984-10-18
5feaef7993f2e60091f5ed7f,sfxtnz36@gmail.com,"$2y$10$H4sWeZnQVEQvZgGY4RZxh.pCmw1x6QEQFlt6y94hZZFsX7S8v5WLa 
",Bridgett Gamble,095-707-9164,14 New Road,FALSE,FALSE,178658994672,,,,1969-12-15
5feaef7993f2e60091f5ed80,eovszy.pkanaqojw@gmail.com,"$2y$10$AEEk4aBIAZTSsGwNlAkU1uYWlMEs3YsO/dGusMmdM7tSikNWxQikW 
",Bobbi Zhang,(047) 942-0393,496 White New Drive,TRUE,TRUE,178062091774,,,,1975-06-20
5ff033ed9b9ad928f86d9617,tranvantu7597@gmail.com,$2b$10$OchYJ37fKWIGZmsOlx7XP.oPBr7yge5O9K4bOkRR4ZaL0MmezXlEa,Tester1,(047) 942-0393,Hà Nội a,TRUE,FALSE,182159956651,BiKetck7Vwmgdt7nII61tay89X,1.84E+11,,1972-05-12
